Workbook

Sheet PRISMA_Check
A1: Validador PRISMA 2020 — Contabilidade de artigos
A2: Preencha os valores na coluna D. A coluna F calcula o valor esperado; a coluna H indica se há erro antes de copiar para a plataforma PRISMA.
A4: Etapa | B4: Campo PRISMA / Input | C4: Significado em português | D4: Valor a preencher | E4: Regra (+, −, =) | F4: Valor esperado | G4: Diferença | H4: Status | I4: Explicação | K4: Resumo de validação
A5: Identificação | B5: Web of Science | C5: Registos recuperados no WoS | D5: 412 | H5: Input | I5: Valor bruto exportado do WoS | K5: Total de erros | L5: =COUNTIF(H5:H26,"ERRO") -> 0
A6: Identificação | B6: Scopus | C6: Registos recuperados no Scopus | D6: 638 | H6: Input | I6: Valor bruto exportado do Scopus | K6: Status geral | L6: =IF(L5=0,"PRONTO PARA A PLATAFORMA","CORRIGIR ANTES DE IMPORTAR") -> PRONTO PARA A PLATAFORMA
A7: Identificação | B7: Records identified from databases | C7: Registos identificados nas bases de dados | D7: 1050 | E7: WoS + Scopus | F7: =D5+D6 -> 1050 | G7: =D7-F7 -> 0 | H7: =IF(G7=0,"OK","ERRO") -> OK | I7: Campo da plataforma: database_results | K7: Fórmula 1 | L7: 1050 - 235 - 0 - 5 = 810
A8: Identificação | B8: Records identified from registers | C8: Registos identificados em registos | D8: 0 | E8: usar 0 se não houver | F8: =0 -> 0 | G8: =D8-F8 -> 0 | H8: =IF(G8=0,"OK","ERRO") -> OK | I8: Normalmente 0 em Gestão/Marketing/SI | K8: Fórmula 2 | L8: 810 - 560 = 250
A9: Identificação | B9: Records identified from websites | C9: Registos identificados em websites | D9: 0 | E9: usar 0 se não houver | F9: =0 -> 0 | G9: =D9-F9 -> 0 | H9: =IF(G9=0,"OK","ERRO") -> OK | I9: Usar apenas se houver pesquisa em websites | K9: Fórmula 3 | L9: 250 - 16 = 234
A10: Identificação | B10: Records identified from organisations | C10: Registos identificados em organizações | D10: 0 | E10: usar 0 se não houver | F10: =0 -> 0 | G10: =D10-F10 -> 0 | H10: =IF(G10=0,"OK","ERRO") -> OK | I10: Ex.: relatórios institucionais | K10: Fórmula 4 | L10: 234 - 154 = 80
A11: Identificação | B11: Records identified from citation searching | C11: Registos identificados por citações | D11: 0 | E11: usar 0 se não houver | F11: =0 -> 0 | G11: =D11-F11 -> 0 | H11: =IF(G11=0,"OK","ERRO") -> OK | I11: Ex.: backward/forward snowballing
A12: Remoção antes da triagem | B12: Duplicate records removed | C12: Duplicados removidos | D12: 235 | E12: − | H12: Input | I12: Obtido no Zotero/Rayyan/EndNote
A13: Remoção antes da triagem | B13: Records marked as ineligible by automation tools | C13: Registos excluídos por ferramenta automática | D13: 0 | E13: − | H13: Input | I13: Usar 0 se não utilizou IA/software para excluir
A14: Remoção antes da triagem | B14: Records removed for other reasons | C14: Registos removidos por outras razões | D14: 5 | E14: − | H14: Input | I14: Ex.: metadados inválidos, erro de exportação
A15: Screening | B15: Records screened | C15: Registos triados por título e resumo | D15: 810 | E15: Identificados − remoções | F15: =SUM(D7:D11)-SUM(D12:D14) -> 810 | G15: =D15-F15 -> 0 | H15: =IF(G15=0,"OK","ERRO") -> OK | I15: Este é o número que entra na triagem
A16: Screening | B16: Records excluded | C16: Registos excluídos por título e resumo | D16: 560 | E16: − | H16: Input | I16: Tema/área/tipo de documento sem alinhamento inicial
A17: Screening | B17: Reports sought for retrieval | C17: Textos completos procurados | D17: 250 | E17: Records screened − Records excluded | F17: =D15-D16 -> 250 | G17: =D17-F17 -> 0 | H17: =IF(G17=0,"OK","ERRO") -> OK | I17: Artigos que passaram para procura do PDF
A18: Retrieval | B18: Reports not retrieved | C18: Textos completos não obtidos | D18: 16 | E18: − | H18: Input | I18: PDF indisponível/inacessível
A19: Eligibility | B19: Reports assessed for eligibility | C19: Artigos avaliados integralmente | D19: 234 | E19: Reports sought − Reports not retrieved | F19: =D17-D18 -> 234 | G19: =D19-F19 -> 0 | H19: =IF(G19=0,"OK","ERRO") -> OK | I19: Artigos lidos na íntegra
A20: Motivos de exclusão | B20: Reason 1: Not aligned with research question | C20: Motivo 1: não responde à pergunta de investigação | D20: 82 | E20: − | H20: Input | I20: Exclusão após leitura integral
A21: Motivos de exclusão | B21: Reason 2: No empirical evidence | C21: Motivo 2: sem evidência empírica | D21: 34 | E21: − | H21: Input | I21: Ex.: artigo conceptual sem dados
A22: Motivos de exclusão | B22: Reason 3: Excessive sector focus | C22: Motivo 3: foco sectorial excessivo | D22: 21 | E22: − | H22: Input | I22: Ex.: setor muito específico e não comparável
A23: Motivos de exclusão | B23: Reason 4: Incompatible variables | C23: Motivo 4: variáveis incompatíveis | D23: 17 | E23: − | H23: Input | I23: Não mede os construtos de interesse
A24: Eligibility | B24: Reports excluded | C24: Artigos excluídos após leitura integral | D24: 154 | E24: Soma dos motivos de exclusão | F24: =SUM(D20:D23) -> 154 | G24: =D24-F24 -> 0 | H24: =IF(G24=0,"OK","ERRO") -> OK | I24: Deve ser igual à soma dos motivos
A25: Included | B25: Studies included in review | C25: Estudos incluídos na revisão | D25: 80 | E25: Reports assessed − Reports excluded | F25: =D19-D24 -> 80 | G25: =D25-F25 -> 0 | H25: =IF(G25=0,"OK","ERRO") -> OK | I25: Conjunto final analisado na revisão
A26: Included | B26: Reports of included studies | C26: Relatórios/artigos dos estudos incluídos | D26: 80 | E26: Igual a Studies included | F26: =D25 -> 80 | G26: =D26-F26 -> 0 | H26: =IF(G26=0,"OK","ERRO") -> OK | I26: Normalmente igual a Studies included

Sheet CSV_Platform
A1: data | B1: n
A2: previous_studies | B2: 0
A3: previous_reports | B3: 0
A4: database_results | B4: =PRISMA_Check!D7 -> 1050
A5: register_results | B5: =PRISMA_Check!D8 -> 0
A6: website_results | B6: =PRISMA_Check!D9 -> 0
A7: organisation_results | B7: =PRISMA_Check!D10 -> 0
A8: citations_results | B8: =PRISMA_Check!D11 -> 0
A9: duplicates | B9: =PRISMA_Check!D12 -> 235
A10: excluded_automatic | B10: =PRISMA_Check!D13 -> 0
A11: excluded_other | B11: =PRISMA_Check!D14 -> 5
A12: records_screened | B12: =PRISMA_Check!D15 -> 810
A13: records_excluded | B13: =PRISMA_Check!D16 -> 560
A14: dbr_sought_reports | B14: =PRISMA_Check!D17 -> 250
A15: dbr_notretrieved_reports | B15: =PRISMA_Check!D18 -> 16
A16: other_sought_reports | B16: 0
A17: other_notretrieved_reports | B17: 0
A18: dbr_assessed | B18: =PRISMA_Check!D19 -> 234
A19: dbr_excluded | B19: =CONCAT("Not aligned with research question, ",PRISMA_Check!D20,"; No empirical evidence, ",PRISMA_Check!D21,"; Excessive sector focus, ",PRISMA_Check!D22,"; Incompatible variables, ",PRISMA_Check!D23) -> #NAME?
A20: other_assessed | B20: 0
A21: other_excluded | B21: 0
A22: new_studies | B22: =PRISMA_Check!D25 -> 80
A23: new_reports | B23: =PRISMA_Check!D26 -> 80
A24: total_studies | B24: =PRISMA_Check!D25 -> 80
A25: total_reports | B25: =PRISMA_Check!D26 -> 80

Sheet Como_usar
A1: Como usar o validador PRISMA
A3: 1 | B3: Preencha/alterar apenas os valores da coluna D na folha PRISMA_Check.
A4: 2 | B4: As células amarelas são os valores que os alunos colocariam manualmente na plataforma.
A5: 3 | B5: A coluna F calcula o valor esperado para as caixas dependentes.
A6: 4 | B6: A coluna H mostra OK ou ERRO. Se aparecer ERRO, a contabilidade do PRISMA não fecha.
A7: 5 | B7: A folha CSV_Platform replica os campos do CSV da plataforma PRISMA.
A8: 6 | B8: Para alterar os motivos, modifique as quatro linhas Reason na folha PRISMA_Check.
A9: 7 | B9: Só importe para a plataforma quando o Status geral indicar PRONTO PARA A PLATAFORMA.
